{
  "mean": [
    2.312874251497006,
    0.6497005988023952,
    29.553023952095806,
    0.46407185628742514,
    0.37574850299401197,
    31.17746946107784,
    0.08083832335329341,
    0.7200598802395209
  ],
  "scale": [
    0.8312832600496722,
    0.4770636547864491,
    12.971857717849087,
    0.9986051083893696,
    0.8322532053570597,
    47.42234122980984,
    0.27258666297293743,
    0.44896954140450074
  ],
  "feature_names": [
    "Pclass",
    "Sex",
    "Age",
    "SibSp",
    "Parch",
    "Fare",
    "Embarked_Q",
    "Embarked_S"
  ]
}